slug,title,category,price_range,affiliate_url,image_url,best_for,problem,benefit,pros,cons,keywords
budget-usb-mic,budget USB microphone,creator gear,₱300-₱900,https://s.lazada.com.ph/YOUR-AFFILIATE-LINK,https://placehold.co/900x600?text=Budget+USB+Mic,beginner YouTubers and online meetings,phone or laptop audio sounds unclear,cleaner voice audio for videos and calls,"easy setup|better voice clarity|small desk footprint","quality varies by seller|may need pop filter","budget microphone Philippines|Lazada microphone|YouTube mic"
phone-tripod-stand,phone tripod stand,creator gear,₱250-₱800,https://s.lazada.com.ph/YOUR-AFFILIATE-LINK,https://placehold.co/900x600?text=Phone+Tripod,Shorts Reels and TikTok creators,handheld videos look shaky,stable shots for product videos and talking-head content,"portable|works with most phones|useful for reels","cheap models may wobble|check max height","phone tripod Lazada|tripod for vlogging Philippines"
ring-light-under-500,ring light under ₱500,creator gear,₱150-₱500,https://s.lazada.com.ph/YOUR-AFFILIATE-LINK,https://placehold.co/900x600?text=Ring+Light,home creators and video calls,indoor lighting makes videos look dull,brighter face lighting for content and meetings,"low cost|simple controls|compact","not ideal for large rooms|USB power needed","ring light under 500|Lazada ring light Philippines"
laptop-stand-wfh,laptop stand for work from home,home office,₱250-₱1,200,https://s.lazada.com.ph/YOUR-AFFILIATE-LINK,https://placehold.co/900x600?text=Laptop+Stand,remote workers students and creators,laptop screen sits too low,more comfortable desk posture and airflow,"better screen height|portable options|improves airflow","may need external keyboard|check laptop size","laptop stand Philippines|work from home desk setup"
power-bank-students,power bank for students,tech essentials,₱500-₱1,500,https://s.lazada.com.ph/YOUR-AFFILIATE-LINK,https://placehold.co/900x600?text=Power+Bank,students commuters and workers,phone battery runs out during the day,backup power for school work travel and emergencies,"useful daily|portable|many capacities","charging speed varies|check real capacity","power bank Lazada Philippines|budget power bank"
budget-wireless-earbuds,budget wireless earbuds,tech essentials,₱300-₱1,200,https://s.lazada.com.ph/YOUR-AFFILIATE-LINK,https://placehold.co/900x600?text=Wireless+Earbuds,commuters students and online meetings,wired earphones are inconvenient,wireless audio for calls music and video watching,"portable|good for calls|many low-cost choices","battery life varies|mic quality varies","budget earbuds Philippines|Lazada wireless earbuds"
usb-hub-laptop,USB hub for laptops,home office,₱250-₱1,300,https://s.lazada.com.ph/YOUR-AFFILIATE-LINK,https://placehold.co/900x600?text=USB+Hub,laptop users with limited ports,modern laptops lack enough ports,connect mouse keyboard storage and accessories,"adds ports|small accessory|useful for work","check USB-C compatibility|cheap hubs may heat up","USB hub Philippines|laptop accessories Lazada"
desk-lamp-night-work,desk lamp for night work,home office,₱300-₱1,000,https://s.lazada.com.ph/YOUR-AFFILIATE-LINK,https://placehold.co/900x600?text=Desk+Lamp,students remote workers and creators,dark desks cause eye strain and poor video lighting,better task lighting for study work and content,"adjustable lighting|desk-friendly|useful daily","brightness varies|check plug type","desk lamp Lazada Philippines|study lamp"
cheap-webcam-meetings,cheap webcam for online meetings,home office,₱400-₱1,500,https://s.lazada.com.ph/YOUR-AFFILIATE-LINK,https://placehold.co/900x600?text=Webcam,online meetings and remote workers,built-in laptop camera looks blurry,clearer video for meetings and webinars,"easy upgrade|better angle|useful for work","mic may be average|check resolution","cheap webcam Philippines|webcam for Zoom Lazada"
mini-keyboard-tablet,mini keyboard for tablet and phone,tech essentials,₱300-₱1,000,https://s.lazada.com.ph/YOUR-AFFILIATE-LINK,https://placehold.co/900x600?text=Mini+Keyboard,students mobile workers and tablet users,typing long notes on screen is slow,faster typing on phone or tablet,"portable|useful for notes|good for travel","small keys|battery needs charging","mini keyboard Lazada|Bluetooth keyboard Philippines"
